group,seed,state,client,weight,choice_committed,choice_curated,flip,regret_committed,regret_curated,credit_committed,credit_curated,credit_target
1,4,0,0,0.125,0,0,0.0,0.016980978216865394,0.016980978216865394,0.010416666666666668,0.046875,
1,4,0,1,0.625,1,1,0.0,0.0,0.0,0.21354166666666666,0.23958333333333331,
1,4,0,2,0.125,2,2,0.0,0.01079784364054015,0.01079784364054015,0.23958333333333331,0.23958333333333331,
1,4,0,3,0.125,3,3,0.0,0.014350686720275285,0.014350686720275285,0.16145833333333331,0.22916666666666666,
1,4,1,0,0.625,1,0,1.0,0.004557720341187954,0.0,-0.005208333333333333,0.005208333333333333,
1,4,1,1,0.125,1,1,0.0,0.004557720341187954,0.004557720341187954,-0.020833333333333336,0.09374999999999999,
1,4,1,2,0.125,2,2,0.0,0.004526428907379421,0.004526428907379421,0.16145833333333331,0.18229166666666669,
1,4,1,3,0.125,3,3,0.0,0.006777208106434118,0.006777208106434118,0.19791666666666663,0.19791666666666666,
1,4,2,0,0.125,0,0,0.0,0.0,0.0,0.046875,0.046875,
1,4,2,1,0.125,1,1,0.0,0.00030535194604408566,0.00030535194604408566,0.14583333333333331,0.17708333333333331,
1,4,2,2,0.125,1,2,1.0,0.00030535194604408566,0.019639489577259805,0.11458333333333331,0.171875,
1,4,2,3,0.625,0,3,1.0,0.0,0.004302831147532715,0.17708333333333331,0.22916666666666666,
1,4,3,0,0.125,0,0,0.0,0.018435132306433122,0.018435132306433122,0.05729166666666666,0.06249999999999999,
1,4,3,1,0.125,2,1,1.0,0.014920713430105925,0.0,0.15625,0.21354166666666666,
1,4,3,2,0.625,2,2,0.0,0.014920713430105925,0.014920713430105925,0.18229166666666666,0.29166666666666663,
1,4,3,3,0.125,3,3,0.0,0.015017698171871374,0.015017698171871374,0.09375,0.14583333333333331,
1,5,0,0,0.125,0,0,0.0,0.008263974780941652,0.008263974780941652,0.026041666666666664,0.031249999999999997,
1,5,0,1,0.625,1,1,0.0,0.0,0.0,0.36979166666666663,0.38020833333333326,
1,5,0,2,0.125,2,2,0.0,0.009182332606476495,0.009182332606476495,0.21354166666666666,0.24479166666666663,
1,5,0,3,0.125,3,3,0.0,0.0056784996556835665,0.0056784996556835665,0.16145833333333331,0.20312499999999997,
1,5,1,0,0.625,0,0,0.0,0.009712327948740551,0.009712327948740551,0.041666666666666664,0.041666666666666664,
1,5,1,1,0.125,1,1,0.0,0.0,0.0,0.11979166666666666,0.16666666666666666,
1,5,1,2,0.125,2,2,0.0,0.011956299965066863,0.011956299965066863,0.21875,0.27604166666666663,
1,5,1,3,0.125,3,3,0.0,0.01675918812508448,0.01675918812508448,0.09374999999999999,0.125,
1,5,2,0,0.125,0,0,0.0,0.00508870448625609,0.00508870448625609,0.0625,0.06249999999999999,
1,5,2,1,0.125,1,1,0.0,0.0,0.0,0.22395833333333331,0.27604166666666663,
1,5,2,2,0.125,2,2,0.0,0.010065366916005902,0.010065366916005902,0.12499999999999999,0.140625,
1,5,2,3,0.625,3,3,0.0,0.001451754663616911,0.001451754663616911,0.16145833333333331,0.1875,
1,5,3,0,0.125,2,0,1.0,0.0008266405211182493,0.0,0.020833333333333336,0.046875,
1,5,3,1,0.125,1,1,0.0,0.005272434723463948,0.005272434723463948,0.21354166666666666,0.234375,
1,5,3,2,0.625,2,2,0.0,0.0008266405211182493,0.0008266405211182493,0.38541666666666663,0.41145833333333326,
1,5,3,3,0.125,3,3,0.0,0.0035189694212750533,0.0035189694212750533,0.078125,0.12499999999999997,
1,6,0,0,0.125,0,0,0.0,0.010668057480695659,0.010668057480695659,0.08333333333333333,0.08333333333333333,
1,6,0,1,0.625,1,1,0.0,0.00041290699457929847,0.00041290699457929847,0.23437499999999997,0.24479166666666666,
1,6,0,2,0.125,2,2,0.0,0.0,0.0,0.22395833333333331,0.22916666666666663,
1,6,0,3,0.125,3,3,0.0,0.008077930525250965,0.008077930525250965,0.16145833333333331,0.18229166666666666,
1,6,1,0,0.625,2,0,1.0,0.011601637417962829,0.01161652881403008,-0.015625,0.036458333333333336,
1,6,1,1,0.125,1,1,0.0,0.0,0.0,0.21875,0.23958333333333331,
1,6,1,2,0.125,2,2,0.0,0.011601637417962829,0.011601637417962829,0.1875,0.19791666666666666,
1,6,1,3,0.125,3,3,0.0,0.004399961957388676,0.004399961957388676,0.1875,0.19791666666666666,
1,6,2,0,0.125,3,0,1.0,0.010505737836224993,0.0038169647067973766,0.02083333333333333,0.05729166666666666,
1,6,2,1,0.125,1,1,0.0,0.0,0.0,0.11458333333333333,0.18749999999999997,
1,6,2,2,0.125,2,2,0.0,0.01796907682503135,0.01796907682503135,0.12499999999999999,0.15625,
1,6,2,3,0.625,0,3,1.0,0.0038169647067973766,0.010505737836224993,0.15624999999999997,0.171875,
1,6,3,0,0.125,2,0,1.0,0.02280483191183491,0.025202734440535557,-0.005208333333333333,0.026041666666666664,
1,6,3,1,0.125,1,1,0.0,0.0,0.0,0.12499999999999999,0.17708333333333331,
1,6,3,2,0.625,2,2,0.0,0.02280483191183491,0.02280483191183491,0.3125,0.34375,
1,6,3,3,0.125,3,3,0.0,0.019688228936530217,0.019688228936530217,0.08333333333333333,0.08854166666666666,
1,7,0,0,0.125,0,0,0.0,0.006615373892808751,0.006615373892808751,0.052083333333333336,0.05208333333333333,
1,7,0,1,0.625,1,1,0.0,0.009977954396203526,0.009977954396203526,0.34375,0.359375,
1,7,0,2,0.125,2,2,0.0,0.0,0.0,0.28125,0.3020833333333333,
1,7,0,3,0.125,3,3,0.0,0.0019990658975109765,0.0019990658975109765,0.09375,0.11458333333333333,
1,7,1,0,0.625,0,0,0.0,0.0,0.0,0.03125,0.03125,
1,7,1,1,0.125,1,1,0.0,0.0034824170247276243,0.0034824170247276243,0.02083333333333333,0.10416666666666666,
1,7,1,2,0.125,2,2,0.0,0.0004598982951526942,0.0004598982951526942,0.21875,0.23958333333333334,
1,7,1,3,0.125,3,3,0.0,0.006126808721378163,0.006126808721378163,0.16666666666666666,0.171875,
1,7,2,0,0.125,0,0,0.0,0.011668558586865663,0.011668558586865663,0.036458333333333336,0.036458333333333336,
1,7,2,1,0.125,1,1,0.0,0.0,0.0,0.13541666666666666,0.15104166666666663,
1,7,2,2,0.125,2,2,0.0,0.015599121542049899,0.015599121542049899,0.13541666666666663,0.16666666666666666,
1,7,2,3,0.625,3,3,0.0,0.005786799433456724,0.005786799433456724,0.21354166666666663,0.22916666666666666,
1,7,3,0,0.125,0,0,0.0,0.010430853515994265,0.010430853515994265,0.03125,0.03125,
1,7,3,1,0.125,1,1,0.0,0.0,0.0,0.1875,0.20833333333333331,
1,7,3,2,0.625,2,2,0.0,0.008051497734929192,0.008051497734929192,0.3125,0.328125,
1,7,3,3,0.125,3,3,0.0,0.02100318749611252,0.02100318749611252,0.078125,0.125,
1,8,0,0,0.125,0,0,0.0,0.015464500672145665,0.015464500672145665,0.015624999999999998,0.031249999999999997,
1,8,0,1,0.625,1,1,0.0,0.0,0.0,0.1875,0.18749999999999997,
1,8,0,2,0.125,2,2,0.0,0.0022723362365999478,0.0022723362365999478,0.19270833333333331,0.19270833333333331,
1,8,0,3,0.125,1,3,1.0,0.0,0.012333049988353828,0.09375,0.11458333333333331,
1,8,1,0,0.625,0,0,0.0,0.006124097718107069,0.006124097718107069,0.04166666666666667,0.041666666666666664,
1,8,1,1,0.125,1,1,0.0,0.002769224271279014,0.002769224271279014,0.17187499999999997,0.19791666666666666,
1,8,1,2,0.125,2,2,0.0,0.0,0.0,0.203125,0.21875,
1,8,1,3,0.125,3,3,0.0,0.010542228646697516,0.010542228646697516,0.18229166666666666,0.19270833333333331,
1,8,2,0,0.125,3,0,1.0,0.0032613531306471266,0.0,0.020833333333333332,0.020833333333333332,
1,8,2,1,0.125,1,1,0.0,0.0032055044064678295,0.0032055044064678295,0.18229166666666666,0.21874999999999997,
1,8,2,2,0.125,2,2,0.0,0.0172867227625475,0.0172867227625475,0.08333333333333333,0.11458333333333333,
1,8,2,3,0.625,3,3,0.0,0.0032613531306471266,0.0032613531306471266,0.140625,0.16145833333333331,
1,8,3,0,0.125,0,0,0.0,0.004876427812333439,0.004876427812333439,0.026041666666666664,0.036458333333333336,
1,8,3,1,0.125,1,1,0.0,0.0,0.0,0.19270833333333331,0.22916666666666666,
1,8,3,2,0.625,2,2,0.0,0.02723479307594323,0.02723479307594323,0.265625,0.37499999999999994,
1,8,3,3,0.125,3,3,0.0,0.006155129237564894,0.006155129237564894,0.11458333333333333,0.15104166666666666,
1,9,0,0,0.125,2,0,1.0,0.013246297181247813,0.014577037532610415,0.015624999999999997,0.031249999999999997,
1,9,0,1,0.625,1,1,0.0,0.0,0.0,0.2864583333333333,0.3020833333333333,
1,9,0,2,0.125,2,2,0.0,0.013246297181247813,0.013246297181247813,0.16145833333333331,0.16666666666666666,
1,9,0,3,0.125,3,3,0.0,0.02161941540266188,0.02161941540266188,0.13541666666666666,0.171875,
1,9,1,0,0.625,0,0,0.0,0.005361211484979589,0.005361211484979589,-0.015624999999999997,0.041666666666666664,
1,9,1,1,0.125,1,1,0.0,0.0,0.0,0.265625,0.30729166666666663,
1,9,1,2,0.125,2,2,0.0,0.005772538827022555,0.005772538827022555,0.19270833333333331,0.21354166666666663,
1,9,1,3,0.125,3,3,0.0,0.0012134256817863953,0.0012134256817863953,0.16666666666666666,0.17187499999999997,
1,9,2,0,0.125,0,0,0.0,0.0095638510032644,0.0095638510032644,0.11979166666666666,0.11979166666666666,
1,9,2,1,0.125,1,1,0.0,0.0,0.0,0.16145833333333331,0.25,
1,9,2,2,0.125,2,2,0.0,0.020122814907470365,0.020122814907470365,0.10416666666666666,0.17708333333333331,
1,9,2,3,0.625,3,3,0.0,0.004619662158662052,0.004619662158662052,0.16666666666666663,0.21875,
1,9,3,0,0.125,2,0,1.0,0.0,0.014884448639370107,0.0,0.005208333333333333,
1,9,3,1,0.125,1,1,0.0,0.016465102046928304,0.016465102046928304,0.30729166666666663,0.328125,
1,9,3,2,0.625,2,2,0.0,0.0,0.0,0.32291666666666663,0.3333333333333333,
1,9,3,3,0.125,3,3,0.0,0.013020987049472743,0.013020987049472743,0.0625,0.11458333333333333,
1,10,0,0,0.125,0,0,0.0,0.014376484697573244,0.014376484697573244,0.036458333333333336,0.036458333333333336,
1,10,0,1,0.625,1,1,0.0,0.0,0.0,0.22916666666666666,0.234375,
1,10,0,2,0.125,2,2,0.0,0.00594012290167012,0.00594012290167012,0.2708333333333333,0.27604166666666663,
1,10,0,3,0.125,3,3,0.0,0.016118757140114903,0.016118757140114903,0.140625,0.18749999999999997,
1,10,1,0,0.625,0,0,0.0,0.0,0.0,0.036458333333333336,0.036458333333333336,
1,10,1,1,0.125,1,1,0.0,0.011147914061796493,0.011147914061796493,0.09375,0.10937499999999999,
1,10,1,2,0.125,2,2,0.0,0.003466180826733112,0.003466180826733112,0.19791666666666666,0.20833333333333331,
1,10,1,3,0.125,3,3,0.0,0.007827279089416272,0.007827279089416272,0.203125,0.22395833333333331,
1,10,2,0,0.125,0,0,0.0,0.00903715868468713,0.00903715868468713,0.11979166666666666,0.11979166666666666,
1,10,2,1,0.125,1,1,0.0,0.0,0.0,0.171875,0.2708333333333333,
1,10,2,2,0.125,2,2,0.0,0.01597983620133192,0.01597983620133192,0.14583333333333331,0.20833333333333331,
1,10,2,3,0.625,3,3,0.0,0.005791830388303221,0.005791830388303221,0.18229166666666666,0.21875,
1,10,3,0,0.125,0,0,0.0,0.014357422311973345,0.014357422311973345,0.03125,0.03645833333333333,
1,10,3,1,0.125,1,1,0.0,0.0,0.0,0.3020833333333333,0.3177083333333333,
1,10,3,2,0.625,2,2,0.0,0.011782234615554832,0.011782234615554832,0.3125,0.390625,
1,10,3,3,0.125,3,3,0.0,0.014332798750745224,0.014332798750745224,0.08854166666666666,0.09895833333333333,
1,11,0,0,0.125,0,0,0.0,0.013162656224528946,0.013162656224528946,0.026041666666666664,0.026041666666666664,
1,11,0,1,0.625,1,1,0.0,0.0,0.0,0.18749999999999997,0.203125,
1,11,0,2,0.125,2,2,0.0,0.017043017094445778,0.017043017094445778,0.24479166666666663,0.28124999999999994,
1,11,0,3,0.125,3,3,0.0,0.009267900867150347,0.009267900867150347,0.14062499999999997,0.19270833333333331,
1,11,1,0,0.625,0,0,0.0,0.011087894638206697,0.011087894638206697,0.07291666666666666,0.078125,
1,11,1,1,0.125,1,1,0.0,0.0005873539087591917,0.0005873539087591917,0.057291666666666664,0.18229166666666666,
1,11,1,2,0.125,2,2,0.0,0.0,0.0,0.1875,0.265625,
1,11,1,3,0.125,3,3,0.0,0.017872528336289384,0.017872528336289384,0.15104166666666669,0.18229166666666666,
1,11,2,0,0.125,0,0,0.0,0.0,0.0,0.109375,0.11458333333333333,
1,11,2,1,0.125,1,1,0.0,0.014419045741126624,0.014419045741126624,0.27604166666666663,0.3489583333333333,
1,11,2,2,0.125,2,2,0.0,0.013311129331058602,0.013311129331058602,0.11458333333333333,0.14583333333333331,
1,11,2,3,0.625,3,3,0.0,0.0045212098599247685,0.0045212098599247685,0.29166666666666663,0.3333333333333333,
1,11,3,0,0.125,2,0,1.0,0.007980914089704028,0.01873514288202882,8.673617379884035e-19,0.020833333333333332,
1,11,3,1,0.125,1,1,0.0,0.0,0.0,0.19791666666666666,0.19791666666666666,
1,11,3,2,0.625,2,2,0.0,0.007980914089704028,0.007980914089704028,0.21875,0.2552083333333333,
1,11,3,3,0.125,3,3,0.0,0.014584221670228326,0.014584221670228326,0.03645833333333333,0.0625,
2,4,0,0,0.125,0,0,0.0,0.020626997501664857,0.020626997501664857,0.03645833333333333,0.08333333333333333,
2,4,0,1,0.125,1,1,0.0,0.002177184083618222,0.002177184083618222,0.18229166666666666,0.18229166666666666,
2,4,0,2,0.625,1,1,0.0,0.002177184083618222,0.002177184083618222,0.11979166666666666,0.11979166666666666,
2,4,0,3,0.125,3,3,0.0,0.005627583974607719,0.005627583974607719,0.17708333333333331,0.19270833333333331,
2,4,1,0,0.625,0,0,0.0,0.00880685202957876,0.00880685202957876,0.23437499999999994,0.23437499999999997,
2,4,1,1,0.125,1,1,0.0,0.004314761659474531,0.004314761659474531,0.06770833333333333,0.08333333333333333,
2,4,1,2,0.125,1,2,1.0,0.004314761659474531,0.010243004374700826,0.057291666666666664,0.057291666666666664,
2,4,1,3,0.125,3,3,0.0,0.0,0.0,0.17708333333333331,0.18229166666666663,
2,4,2,0,0.125,0,0,0.0,0.0,0.0,0.15104166666666666,0.171875,
2,4,2,1,0.125,1,1,0.0,0.0034199264079803893,0.0034199264079803893,0.046875,0.046875,
2,4,2,2,0.125,2,2,0.0,0.005067959702080516,0.005067959702080516,0.06249999999999999,0.06249999999999999,
2,4,2,3,0.625,3,3,0.0,0.007441309754364744,0.007441309754364744,0.125,0.13020833333333331,
2,4,3,0,0.125,0,0,0.0,0.00364481277240436,0.00364481277240436,0.17708333333333334,0.17708333333333331,
2,4,3,1,0.625,1,1,0.0,0.0,0.0,0.16145833333333331,0.16145833333333334,
2,4,3,2,0.125,2,2,0.0,0.0035966106369709205,0.0035966106369709205,0.0625,0.06249999999999999,
2,4,3,3,0.125,3,3,0.0,0.0023611868200688058,0.0023611868200688058,0.20833333333333331,0.20833333333333331,
2,5,0,0,0.125,0,0,0.0,0.007430704221470408,0.007430704221470408,0.10416666666666666,0.13020833333333331,
2,5,0,1,0.125,1,1,0.0,0.0029209072920588497,0.0029209072920588497,0.10416666666666666,0.13541666666666666,
2,5,0,2,0.625,2,2,0.0,0.0,0.0,0.07291666666666666,0.07291666666666666,
2,5,0,3,0.125,3,3,0.0,0.004265119318123456,0.004265119318123456,0.22916666666666663,0.22916666666666663,
2,5,1,0,0.625,0,0,0.0,0.002238519669784944,0.002238519669784944,0.09374999999999999,0.10937499999999997,
2,5,1,1,0.125,1,1,0.0,0.00707967459417691,0.00707967459417691,0.010416666666666664,0.06249999999999999,
2,5,1,2,0.125,2,2,0.0,0.0026220289386188478,0.0026220289386188478,0.03645833333333333,0.036458333333333336,
2,5,1,3,0.125,3,3,0.0,0.0,0.0,0.15104166666666666,0.15104166666666666,
2,5,2,0,0.125,0,0,0.0,0.0007774281113930304,0.0007774281113930304,0.21875,0.22395833333333334,
2,5,2,1,0.125,1,1,0.0,0.0,0.0,0.06249999999999999,0.06770833333333333,
2,5,2,2,0.125,2,2,0.0,0.0009023240175400904,0.0009023240175400904,0.10416666666666666,0.10416666666666666,
2,5,2,3,0.625,3,3,0.0,0.007572143282008392,0.007572143282008392,0.15104166666666669,0.15104166666666666,
2,5,3,0,0.125,0,0,0.0,0.0010392253961721831,0.0010392253961721831,0.21875,0.234375,
2,5,3,1,0.625,1,1,0.0,0.0,0.0,0.041666666666666664,0.05208333333333333,
2,5,3,2,0.125,2,2,0.0,0.002577331603903832,0.002577331603903832,0.06770833333333333,0.06770833333333333,
2,5,3,3,0.125,3,3,0.0,0.0037566357866856137,0.0037566357866856137,0.17708333333333331,0.19270833333333331,
2,6,0,0,0.125,0,0,0.0,0.01028390798154788,0.01028390798154788,0.140625,0.16666666666666666,
2,6,0,1,0.125,1,1,0.0,0.0,0.0,0.11979166666666666,0.125,
2,6,0,2,0.625,2,2,0.0,0.0005196918032044362,0.0005196918032044362,0.0625,0.0625,
2,6,0,3,0.125,3,3,0.0,0.0012064881818711903,0.0012064881818711903,0.13541666666666666,0.13541666666666666,
2,6,1,0,0.625,0,0,0.0,0.002027053829397496,0.002027053829397496,0.13541666666666666,0.13541666666666666,
2,6,1,1,0.125,1,1,0.0,0.0012696457681310447,0.0012696457681310447,0.05729166666666666,0.07291666666666667,
2,6,1,2,0.125,2,2,0.0,0.0,0.0,0.07291666666666666,0.07291666666666666,
2,6,1,3,0.125,3,3,0.0,0.0003818310219728671,0.0003818310219728671,0.12499999999999999,0.12499999999999999,
2,6,2,0,0.125,0,0,0.0,0.0019081795055279072,0.0019081795055279072,0.25,0.25520833333333337,
2,6,2,1,0.125,1,1,0.0,0.0,0.0,0.031249999999999997,0.05729166666666666,
2,6,2,2,0.125,2,2,0.0,0.0031564175561250574,0.0031564175561250574,0.11458333333333333,0.11458333333333333,
2,6,2,3,0.625,3,3,0.0,0.002389363876819095,0.002389363876819095,0.13541666666666666,0.13541666666666666,
2,6,3,0,0.125,0,0,0.0,0.0,0.0,0.14583333333333331,0.16666666666666666,
2,6,3,1,0.625,1,1,0.0,0.0028854696471556363,0.0028854696471556363,0.03125,0.031249999999999997,
2,6,3,2,0.125,2,2,0.0,0.0017181972322832806,0.0017181972322832806,0.09895833333333334,0.09895833333333333,
2,6,3,3,0.125,3,3,0.0,0.004810107269331287,0.004810107269331287,0.19270833333333331,0.19270833333333331,
2,7,0,0,0.125,0,0,0.0,0.010556876450218522,0.010556876450218522,0.04166666666666666,0.09374999999999999,
2,7,0,1,0.125,1,1,0.0,0.002983554215261419,0.002983554215261419,0.09895833333333334,0.109375,
2,7,0,2,0.625,2,2,0.0,0.0,0.0,0.08333333333333333,0.08333333333333333,
2,7,0,3,0.125,3,3,0.0,0.0018220186522128756,0.0018220186522128756,0.18229166666666666,0.19791666666666666,
2,7,1,0,0.625,0,0,0.0,0.013928072545402181,0.013928072545402181,0.20833333333333331,0.20833333333333331,
2,7,1,1,0.125,1,1,0.0,0.0026458022244686408,0.0026458022244686408,0.08854166666666666,0.09895833333333333,
2,7,1,2,0.125,2,2,0.0,0.0013655772627534368,0.0013655772627534368,0.08333333333333333,0.08333333333333333,
2,7,1,3,0.125,3,3,0.0,0.0,0.0,0.20833333333333331,0.22395833333333334,
2,7,2,0,0.125,0,0,0.0,0.0,0.0,0.17708333333333331,0.17708333333333331,
2,7,2,1,0.125,0,1,1.0,0.0,0.0053348791787384275,0.03645833333333333,0.06770833333333333,
2,7,2,2,0.125,2,2,0.0,0.00469938134546144,0.00469938134546144,0.078125,0.07812499999999999,
2,7,2,3,0.625,3,3,0.0,0.0041444735762248275,0.0041444735762248275,0.08333333333333333,0.08854166666666666,
2,7,3,0,0.125,0,0,0.0,0.004475259885078242,0.004475259885078242,0.13541666666666666,0.140625,
2,7,3,1,0.625,1,1,0.0,0.0007900228576709356,0.0007900228576709356,0.07291666666666666,0.078125,
2,7,3,2,0.125,2,2,0.0,0.0,0.0,0.16666666666666666,0.16666666666666666,
2,7,3,3,0.125,3,3,0.0,0.00047051166041001125,0.00047051166041001125,0.15625,0.15625,
2,8,0,0,0.125,0,0,0.0,0.006463520838723147,0.006463520838723147,0.17708333333333331,0.21874999999999997,
2,8,0,1,0.125,1,1,0.0,0.004601042375036557,0.004601042375036557,0.14583333333333331,0.14583333333333331,
2,8,0,2,0.625,2,1,1.0,0.0,0.004601042375036557,0.05208333333333333,0.05208333333333333,
2,8,0,3,0.125,3,3,0.0,0.009755107439930355,0.009755107439930355,0.10416666666666666,0.10416666666666666,
2,8,1,0,0.625,0,0,0.0,0.004141251824214542,0.004141251824214542,0.1875,0.18749999999999997,
2,8,1,1,0.125,1,1,0.0,0.0,0.0,0.10416666666666666,0.11979166666666666,
2,8,1,2,0.125,2,2,0.0,0.0010836910892271234,0.0010836910892271234,0.05729166666666667,0.06249999999999999,
2,8,1,3,0.125,3,3,0.0,0.0008216502210529608,0.0008216502210529608,0.11979166666666667,0.13020833333333331,
2,8,2,0,0.125,0,0,0.0,0.0,0.0,0.19791666666666666,0.19791666666666663,
2,8,2,1,0.125,1,1,0.0,0.006198800278219174,0.006198800278219174,0.10416666666666666,0.10416666666666664,
2,8,2,2,0.125,1,2,1.0,0.006198800278219174,0.007694712074491128,0.0625,0.07291666666666666,
2,8,2,3,0.625,3,3,0.0,0.007043350053057118,0.007043350053057118,0.16145833333333331,0.171875,
2,8,3,0,0.125,0,0,0.0,0.0,0.0,0.16145833333333331,0.171875,
2,8,3,1,0.625,1,1,0.0,0.010918974734521414,0.010918974734521414,0.026041666666666664,0.0625,
2,8,3,2,0.125,1,1,0.0,0.010918974734521414,0.010918974734521414,0.07812499999999999,0.078125,
2,8,3,3,0.125,3,3,0.0,0.006486421814958843,0.006486421814958843,0.19791666666666666,0.19791666666666666,
2,9,0,0,0.125,0,0,0.0,0.007972151289116214,0.007972151289116214,0.14583333333333331,0.203125,
2,9,0,1,0.125,1,1,0.0,0.0024342210845285095,0.0024342210845285095,0.16666666666666663,0.171875,
2,9,0,2,0.625,1,1,0.0,0.0024342210845285095,0.0024342210845285095,0.06770833333333333,0.06770833333333333,
2,9,0,3,0.125,3,3,0.0,0.0,0.0,0.09895833333333333,0.09895833333333333,
2,9,1,0,0.625,0,0,0.0,0.0055206484686664,0.0055206484686664,0.171875,0.17187499999999997,
2,9,1,1,0.125,1,1,0.0,0.00046680249748354274,0.00046680249748354274,0.11979166666666666,0.11979166666666666,
2,9,1,2,0.125,2,2,0.0,0.0,0.0,0.05208333333333333,0.05208333333333333,
2,9,1,3,0.125,3,3,0.0,0.0016981459557610101,0.0016981459557610101,0.17708333333333331,0.18229166666666663,
2,9,2,0,0.125,0,0,0.0,0.0,0.0,0.22395833333333331,0.23958333333333331,
2,9,2,1,0.125,1,1,0.0,0.0027208953409900705,0.0027208953409900705,0.02083333333333333,0.036458333333333336,
2,9,2,2,0.125,2,2,0.0,0.0024103293261599212,0.0024103293261599212,0.125,0.12499999999999999,
2,9,2,3,0.625,3,3,0.0,0.002430399620651502,0.002430399620651502,0.17708333333333334,0.17708333333333334,
2,9,3,0,0.125,0,0,0.0,0.0,0.0,0.15625,0.17708333333333331,
2,9,3,1,0.625,1,1,0.0,0.0017431258907318892,0.0017431258907318892,0.07291666666666666,0.07291666666666666,
2,9,3,2,0.125,2,2,0.0,0.002856947019672429,0.002856947019672429,0.10937499999999999,0.10937499999999999,
2,9,3,3,0.125,3,3,0.0,0.0019443714471608642,0.0019443714471608642,0.21874999999999997,0.21874999999999997,
2,10,0,0,0.125,0,0,0.0,0.009445796691988861,0.009445796691988861,0.057291666666666664,0.10937499999999999,
2,10,0,1,0.125,2,1,1.0,0.0,0.004285741744327387,0.04166666666666667,0.046875,
2,10,0,2,0.625,1,1,0.0,0.004285741744327387,0.004285741744327387,0.046875,0.046875,
2,10,0,3,0.125,3,3,0.0,0.007142455335115039,0.007142455335115039,0.14583333333333331,0.14583333333333331,
2,10,1,0,0.625,0,0,0.0,0.0,0.0,0.18749999999999997,0.19270833333333331,
2,10,1,1,0.125,1,1,0.0,0.003361559608892395,0.003361559608892395,0.03645833333333333,0.05208333333333333,
2,10,1,2,0.125,2,2,0.0,0.001885307512135781,0.001885307512135781,0.03645833333333333,0.03645833333333333,
2,10,1,3,0.125,3,3,0.0,0.006517372308543101,0.006517372308543101,0.11458333333333331,0.13541666666666666,
2,10,2,0,0.125,0,0,0.0,0.0,0.0,0.15104166666666666,0.15625,
2,10,2,1,0.125,1,1,0.0,0.0033081371379747315,0.0033081371379747315,0.041666666666666664,0.041666666666666664,
2,10,2,2,0.125,1,2,1.0,0.0033081371379747315,0.005251486479127987,0.041666666666666664,0.041666666666666664,
2,10,2,3,0.625,3,3,0.0,0.0020513068276167834,0.0020513068276167834,0.078125,0.08333333333333333,
2,10,3,0,0.125,0,0,0.0,0.006402053177974709,0.006402053177974709,0.21875,0.23958333333333331,
2,10,3,1,0.625,1,1,0.0,0.004337254144163638,0.004337254144163638,0.04687499999999999,0.06770833333333333,
2,10,3,2,0.125,2,2,0.0,0.0,0.0,0.11979166666666666,0.11979166666666666,
2,10,3,3,0.125,3,3,0.0,0.002629581849037166,0.002629581849037166,0.14583333333333331,0.16145833333333331,
2,11,0,0,0.125,0,0,0.0,0.01277170948155526,0.01277170948155526,0.109375,0.140625,
2,11,0,1,0.125,1,1,0.0,0.009475128488639073,0.009475128488639073,0.06770833333333333,0.09374999999999999,
2,11,0,2,0.625,1,1,0.0,0.009475128488639073,0.009475128488639073,0.05208333333333333,0.05208333333333333,
2,11,0,3,0.125,3,3,0.0,0.005453416312998116,0.005453416312998116,0.19270833333333331,0.19791666666666666,
2,11,1,0,0.625,0,0,0.0,0.003204992365996251,0.003204992365996251,0.13020833333333331,0.14583333333333331,
2,11,1,1,0.125,1,1,0.0,0.0,0.0,0.09375,0.09895833333333333,
2,11,1,2,0.125,2,2,0.0,0.0032349447216558636,0.0032349447216558636,0.046875,0.0625,
2,11,1,3,0.125,3,3,0.0,0.006108921022576985,0.006108921022576985,0.18229166666666666,0.18229166666666666,
2,11,2,0,0.125,0,0,0.0,0.0,0.0,0.23958333333333331,0.24479166666666666,
2,11,2,1,0.125,1,1,0.0,0.0037281958876969057,0.0037281958876969057,0.078125,0.08854166666666666,
2,11,2,2,0.125,2,2,0.0,0.006765658466518665,0.006765658466518665,0.09895833333333334,0.09895833333333331,
2,11,2,3,0.625,3,3,0.0,0.010866262889953737,0.010866262889953737,0.15104166666666666,0.15104166666666666,
2,11,3,0,0.125,0,0,0.0,0.005871241242977554,0.005871241242977554,0.17708333333333331,0.19791666666666666,
2,11,3,1,0.625,1,1,0.0,0.005254875334386067,0.005254875334386067,0.07812499999999999,0.09375,
2,11,3,2,0.125,2,2,0.0,0.008322209123528768,0.008322209123528768,0.06770833333333333,0.06770833333333333,
2,11,3,3,0.125,3,3,0.0,0.0,0.0,0.20833333333333331,0.20833333333333331,
3,4,0,0,0.125,0,0,0.0,0.0329205236068979,0.0329205236068979,0.09375,0.13541666666666666,
3,4,0,1,0.625,1,1,0.0,0.006685729344862668,0.006685729344862668,0.11979166666666666,0.13020833333333334,
3,4,0,2,0.125,2,2,0.0,0.007430715600500237,0.007430715600500237,0.12499999999999999,0.19270833333333331,
3,4,0,3,0.125,1,1,0.0,0.006685729344862668,0.006685729344862668,0.078125,0.12499999999999999,
3,4,1,0,0.125,0,0,0.0,0.000977127052315785,0.000977127052315785,0.20833333333333331,0.22916666666666669,
3,4,1,1,0.125,1,1,0.0,0.009788444372206384,0.009788444372206384,0.046875,0.06249999999999999,
3,4,1,2,0.625,2,2,0.0,0.0,0.0,0.11979166666666666,0.13020833333333331,
3,4,1,3,0.125,2,3,1.0,0.0,0.004176917325402818,0.08854166666666667,0.09374999999999999,
3,4,2,0,0.625,0,0,0.0,0.0362751835025964,0.0362751835025964,0.11979166666666666,0.203125,
3,4,2,1,0.125,1,1,0.0,0.003868382549042426,0.003868382549042426,0.109375,0.17187499999999997,
3,4,2,2,0.125,2,2,0.0,0.0018316072621672452,0.0018316072621672452,0.078125,0.15104166666666666,
3,4,2,3,0.125,3,3,0.0,0.0,0.0,0.06770833333333333,0.09895833333333333,
3,4,3,0,0.125,0,0,0.0,0.01202402931367974,0.01202402931367974,0.20833333333333331,0.21874999999999997,
3,4,3,1,0.125,1,1,0.0,0.0009416690780070791,0.0009416690780070791,0.17187499999999997,0.17187499999999997,
3,4,3,2,0.125,2,2,0.0,0.0,0.0,0.15625,0.22916666666666663,
3,4,3,3,0.625,2,2,0.0,0.0,0.0,0.026041666666666664,0.026041666666666664,
3,5,0,0,0.125,1,0,1.0,0.0010494044821088844,0.028335262213515344,-0.06770833333333333,0.046875,
3,5,0,1,0.625,1,1,0.0,0.0010494044821088844,0.0010494044821088844,0.10937499999999999,0.11458333333333331,
3,5,0,2,0.125,2,2,0.0,0.0,0.0,0.10937499999999999,0.16145833333333331,
3,5,0,3,0.125,3,3,0.0,0.0014290365404625582,0.0014290365404625582,0.03125,0.041666666666666664,
3,5,1,0,0.125,0,0,0.0,0.06633947453363043,0.06633947453363043,0.05208333333333332,0.140625,
3,5,1,1,0.125,1,1,0.0,0.005907614316303822,0.005907614316303822,0.0625,0.08333333333333333,
3,5,1,2,0.625,2,2,0.0,0.0,0.0,0.09895833333333331,0.19270833333333331,
3,5,1,3,0.125,3,3,0.0,0.005039568125142058,0.005039568125142058,0.1875,0.22916666666666666,
3,5,2,0,0.625,0,0,0.0,0.0,0.0,0.11979166666666666,0.20312499999999997,
3,5,2,1,0.125,1,1,0.0,0.009952704979552585,0.009952704979552585,0.09895833333333333,0.09895833333333333,
3,5,2,2,0.125,2,2,0.0,0.02090785121061023,0.02090785121061023,0.03645833333333333,0.05208333333333333,
3,5,2,3,0.125,0,0,0.0,0.0,0.0,0.015625,0.04166666666666667,
3,5,3,0,0.125,0,0,0.0,0.0,0.0,0.09895833333333333,0.10416666666666664,
3,5,3,1,0.125,1,1,0.0,0.0027977975082080775,0.0027977975082080775,0.13020833333333331,0.14583333333333334,
3,5,3,2,0.125,0,2,1.0,0.0,0.004693839823341817,0.03125,0.046875,
3,5,3,3,0.625,0,0,0.0,0.0,0.0,0.015625,0.015625,
3,6,0,0,0.125,0,0,0.0,0.0,0.0,0.06770833333333333,0.08333333333333333,
3,6,0,1,0.625,1,1,0.0,0.012201158560528613,0.012201158560528613,0.09375,0.09374999999999999,
3,6,0,2,0.125,2,2,0.0,0.009362309309311256,0.009362309309311256,0.07812499999999999,0.11458333333333331,
3,6,0,3,0.125,0,0,0.0,0.0,0.0,0.020833333333333332,0.020833333333333332,
3,6,1,0,0.125,2,0,1.0,0.0,0.12256345159089654,-0.14583333333333334,0.17708333333333334,
3,6,1,1,0.125,1,1,0.0,0.015596949609710697,0.015596949609710697,0.05729166666666667,0.06770833333333333,
3,6,1,2,0.625,2,2,0.0,0.0,0.0,0.14583333333333331,0.21875,
3,6,1,3,0.125,2,3,1.0,0.0,0.009139665683663423,0.125,0.20833333333333331,
3,6,2,0,0.625,0,0,0.0,0.0,0.0,0.203125,0.234375,
3,6,2,1,0.125,1,1,0.0,0.001868371306819827,0.001868371306819827,0.078125,0.09375,
3,6,2,2,0.125,2,2,0.0,0.014277136774246912,0.014277136774246912,0.03645833333333333,0.036458333333333336,
3,6,2,3,0.125,0,3,1.0,0.0,0.0033229392920048895,0.020833333333333332,0.03645833333333333,
3,6,3,0,0.125,0,0,0.0,0.010355760964628424,0.010355760964628424,0.02604166666666667,0.16666666666666666,
3,6,3,1,0.125,1,1,0.0,0.0032521036376919055,0.0032521036376919055,0.19791666666666666,0.203125,
3,6,3,2,0.125,0,2,1.0,0.010355760964628424,0.0,0.13541666666666666,0.17708333333333331,
3,6,3,3,0.625,2,2,0.0,0.0,0.0,0.03645833333333333,0.041666666666666664,
3,7,0,0,0.125,2,0,1.0,0.011110465007513337,0.04465966366157359,0.026041666666666657,0.12499999999999999,
3,7,0,1,0.625,1,1,0.0,0.009649794404513523,0.009649794404513523,0.16145833333333331,0.18749999999999997,
3,7,0,2,0.125,2,2,0.0,0.011110465007513337,0.011110465007513337,0.125,0.19791666666666666,
3,7,0,3,0.125,3,3,0.0,0.0,0.0,0.08854166666666666,0.15624999999999997,
3,7,1,0,0.125,0,0,0.0,0.0,0.0,0.13020833333333331,0.203125,
3,7,1,1,0.125,0,0,0.0,0.0,0.0,0.046875,0.09895833333333333,
3,7,1,2,0.625,2,2,0.0,0.01221153222205773,0.01221153222205773,0.12499999999999997,0.125,
3,7,1,3,0.125,0,0,0.0,0.0,0.0,0.052083333333333336,0.05208333333333333,
3,7,2,0,0.625,0,0,0.0,0.0029582333368322056,0.0029582333368322056,0.140625,0.171875,
3,7,2,1,0.125,0,1,1.0,0.0029582333368322056,0.009373972937172681,0.06770833333333333,0.07291666666666666,
3,7,2,2,0.125,2,2,0.0,0.0,0.0,0.078125,0.125,
3,7,2,3,0.125,0,0,0.0,0.0029582333368322056,0.0029582333368322056,0.06770833333333333,0.07291666666666666,
3,7,3,0,0.125,0,0,0.0,0.24588919243065865,0.24588919243065865,0.21354166666666666,0.29166666666666663,
3,7,3,1,0.125,1,1,0.0,0.0,0.0,0.19270833333333331,0.22395833333333331,
3,7,3,2,0.125,2,2,0.0,0.00010347865395499145,0.00010347865395499145,0.16145833333333331,0.20833333333333331,
3,7,3,3,0.625,3,3,0.0,0.0021347353415188675,0.0021347353415188675,0.078125,0.10937499999999997,
3,8,0,0,0.125,0,0,0.0,0.005080639414544508,0.005080639414544508,0.08333333333333333,0.16666666666666666,
3,8,0,1,0.625,1,1,0.0,0.0,0.0,0.12499999999999999,0.16145833333333331,
3,8,0,2,0.125,2,2,0.0,0.001479121760605162,0.001479121760605162,0.15625,0.296875,
3,8,0,3,0.125,3,3,0.0,4.98736050142945e-05,4.98736050142945e-05,0.06249999999999999,0.08333333333333333,
3,8,1,0,0.125,0,0,0.0,0.023803951030238246,0.023803951030238246,0.15104166666666666,0.171875,
3,8,1,1,0.125,1,1,0.0,0.020269419121718757,0.020269419121718757,0.08333333333333333,0.10416666666666667,
3,8,1,2,0.625,2,2,0.0,0.0013164122261837274,0.0013164122261837274,0.13020833333333331,0.16145833333333331,
3,8,1,3,0.125,2,2,0.0,0.0013164122261837274,0.0013164122261837274,0.06770833333333333,0.078125,
3,8,2,0,0.625,0,0,0.0,0.016500464869455334,0.016500464869455334,0.13020833333333331,0.16666666666666666,
3,8,2,1,0.125,1,1,0.0,0.0,0.0,0.16666666666666666,0.16666666666666666,
3,8,2,2,0.125,2,2,0.0,2.233098683634971e-05,2.233098683634971e-05,0.020833333333333332,0.07812499999999999,
3,8,2,3,0.125,2,0,1.0,2.233098683634971e-05,0.016500464869455334,0.005208333333333333,0.026041666666666664,
3,8,3,0,0.125,0,0,0.0,0.021315641247026007,0.021315641247026007,0.16666666666666663,0.2552083333333333,
3,8,3,1,0.125,1,1,0.0,0.0,0.0,0.21875,0.23958333333333331,
3,8,3,2,0.125,2,2,0.0,0.0011023273272414702,0.0011023273272414702,0.13541666666666666,0.22916666666666666,
3,8,3,3,0.625,2,3,1.0,0.0011023273272414702,0.010782785950570473,0.026041666666666664,0.06249999999999999,
3,9,0,0,0.125,0,0,0.0,0.0040434929145467535,0.0040434929145467535,0.13541666666666666,0.140625,
3,9,0,1,0.625,1,1,0.0,0.0007309245815589893,0.0007309245815589893,0.08333333333333333,0.08333333333333333,
3,9,0,2,0.125,2,2,0.0,0.0,0.0,0.109375,0.140625,
3,9,0,3,0.125,2,0,1.0,0.0,0.0040434929145467535,0.010416666666666666,0.010416666666666666,
3,9,1,0,0.125,0,0,0.0,0.0005406727062581274,0.0005406727062581274,0.10416666666666666,0.22395833333333331,
3,9,1,1,0.125,1,1,0.0,0.0029142932884245187,0.0029142932884245187,0.026041666666666664,0.046875,
3,9,1,2,0.625,2,2,0.0,0.0,0.0,0.10416666666666666,0.12499999999999999,
3,9,1,3,0.125,3,3,0.0,0.0026457453241777174,0.0026457453241777174,0.026041666666666664,0.026041666666666664,
3,9,2,0,0.625,0,0,0.0,0.0,0.0,0.14583333333333331,0.19791666666666666,
3,9,2,1,0.125,1,1,0.0,0.020392471525012223,0.020392471525012223,0.10416666666666666,0.10416666666666666,
3,9,2,2,0.125,0,2,1.0,0.0,0.01027959065826134,0.010416666666666664,0.11979166666666666,
3,9,2,3,0.125,0,0,0.0,0.0,0.0,0.041666666666666664,0.041666666666666664,
3,9,3,0,0.125,0,0,0.0,0.0,0.0,0.11979166666666666,0.1875,
3,9,3,1,0.125,1,1,0.0,0.012643145833678204,0.012643145833678204,0.14583333333333331,0.15104166666666666,
3,9,3,2,0.125,2,2,0.0,0.009232501672517657,0.009232501672517657,0.14583333333333331,0.20833333333333331,
3,9,3,3,0.625,2,2,0.0,0.009232501672517657,0.009232501672517657,0.020833333333333332,0.020833333333333332,
3,10,0,0,0.125,3,0,1.0,0.0,0.01121248260719776,-0.08854166666666666,0.057291666666666664,
3,10,0,1,0.625,1,1,0.0,0.0021849409578685863,0.0021849409578685863,0.15104166666666666,0.15624999999999997,
3,10,0,2,0.125,2,2,0.0,0.007295560073205198,0.007295560073205198,0.11979166666666666,0.15104166666666666,
3,10,0,3,0.125,0,0,0.0,0.01121248260719776,0.01121248260719776,0.03645833333333333,0.041666666666666664,
3,10,1,0,0.125,1,0,1.0,0.0007414985259399653,0.18835153055462972,0.13020833333333331,0.21875,
3,10,1,1,0.125,1,1,0.0,0.0007414985259399653,0.0007414985259399653,0.13020833333333331,0.16145833333333331,
3,10,1,2,0.625,2,2,0.0,0.0,0.0,0.140625,0.27604166666666663,
3,10,1,3,0.125,3,3,0.0,0.012169120396563038,0.012169120396563038,0.13020833333333331,0.171875,
3,10,2,0,0.625,0,0,0.0,0.02008137108339303,0.02008137108339303,0.16145833333333334,0.23958333333333331,
3,10,2,1,0.125,1,1,0.0,0.00030295497667798266,0.00030295497667798266,0.08333333333333333,0.08854166666666666,
3,10,2,2,0.125,2,2,0.0,0.005574160996752009,0.005574160996752009,0.07291666666666666,0.10416666666666666,
3,10,2,3,0.125,3,3,0.0,0.0,0.0,0.05208333333333333,0.05208333333333333,
3,10,3,0,0.125,0,0,0.0,0.0,0.0,0.15104166666666666,0.23437499999999997,
3,10,3,1,0.125,1,1,0.0,0.01256795730206417,0.01256795730206417,0.11458333333333333,0.11458333333333331,
3,10,3,2,0.125,2,2,0.0,0.012030799800245462,0.012030799800245462,0.18229166666666663,0.29166666666666663,
3,10,3,3,0.625,0,0,0.0,0.0,0.0,0.031249999999999997,0.031249999999999997,
3,11,0,0,0.125,0,0,0.0,0.00035593774110753706,0.00035593774110753706,0.06770833333333333,0.12499999999999999,
3,11,0,1,0.625,1,1,0.0,0.014162989155714678,0.014162989155714678,0.109375,0.14583333333333331,
3,11,0,2,0.125,2,2,0.0,0.004551157522124649,0.004551157522124649,0.125,0.15104166666666666,
3,11,0,3,0.125,0,0,0.0,0.00035593774110753706,0.00035593774110753706,0.026041666666666664,0.03125,
3,11,1,0,0.125,0,0,0.0,0.008844044365194703,0.008844044365194703,0.13020833333333334,0.171875,
3,11,1,1,0.125,1,1,0.0,0.0024390293615318415,0.0024390293615318415,0.026041666666666664,0.026041666666666664,
3,11,1,2,0.625,2,2,0.0,0.0,0.0,0.13020833333333331,0.17708333333333331,
3,11,1,3,0.125,3,3,0.0,0.0010536537994568773,0.0010536537994568773,0.15625,0.171875,
3,11,2,0,0.625,0,0,0.0,0.0,0.0,0.10416666666666664,0.16666666666666666,
3,11,2,1,0.125,1,1,0.0,0.007863049296247149,0.007863049296247149,0.046875,0.057291666666666664,
3,11,2,2,0.125,2,2,0.0,0.004737449779259273,0.004737449779259273,0.07291666666666666,0.10416666666666666,
3,11,2,3,0.125,0,0,0.0,0.0,0.0,0.03125,0.046875,
3,11,3,0,0.125,0,0,0.0,0.0,0.0,0.18229166666666663,0.20833333333333331,
3,11,3,1,0.125,1,1,0.0,0.011306323136403451,0.011306323136403451,0.11979166666666667,0.11979166666666666,
3,11,3,2,0.125,2,2,0.0,0.004712314342110502,0.004712314342110502,0.16145833333333331,0.18229166666666666,
3,11,3,3,0.625,2,3,1.0,0.004712314342110502,0.00546750071925084,0.020833333333333332,0.026041666666666664,
4,4,0,0,0.125,0,0,0.0,0.036053312187032005,0.036053312187032005,0.13541666666666666,0.13541666666666666,
4,4,0,1,0.125,1,1,0.0,0.0057167422404246215,0.0057167422404246215,0.07291666666666666,0.08854166666666666,
4,4,0,2,0.625,2,2,0.0,0.0,0.0,0.11458333333333333,0.13020833333333331,
4,4,0,3,0.125,1,3,1.0,0.0057167422404246215,0.007301588236878653,0.10416666666666666,0.11979166666666666,
4,4,1,0,0.625,0,0,0.0,0.02549911197027166,0.02549911197027166,0.020833333333333332,0.026041666666666664,
4,4,1,1,0.125,2,1,1.0,0.0,0.00754984488495547,-0.015625,0.010416666666666666,
4,4,1,2,0.125,2,2,0.0,0.0,0.0,0.10937499999999999,0.140625,
4,4,1,3,0.125,1,2,1.0,0.00754984488495547,0.0,0.057291666666666664,0.078125,
4,4,2,0,0.125,0,0,0.0,0.009975140836546603,0.009975140836546603,0.010416666666666666,0.020833333333333332,
4,4,2,1,0.625,3,3,0.0,0.0,0.0,-0.036458333333333336,0.010416666666666666,
4,4,2,2,0.125,2,2,0.0,0.012329196809055532,0.012329196809055532,0.0,0.19791666666666666,
4,4,2,3,0.125,3,3,0.0,0.0,0.0,0.09895833333333331,0.11979166666666666,
4,4,3,0,0.125,0,0,0.0,0.02833037082897849,0.02833037082897849,0.125,0.13541666666666666,
4,4,3,1,0.125,1,1,0.0,9.551136285357309e-05,9.551136285357309e-05,0.015624999999999998,0.036458333333333336,
4,4,3,2,0.125,2,2,0.0,0.002021325803142071,0.002021325803142071,0.09895833333333333,0.14583333333333331,
4,4,3,3,0.625,3,3,0.0,0.0,0.0,0.06770833333333333,0.10416666666666666,
4,5,0,0,0.125,0,0,0.0,0.012192116295385191,0.012192116295385191,0.04687499999999999,0.04687499999999999,
4,5,0,1,0.125,1,1,0.0,0.0,0.0,0.026041666666666664,0.031249999999999997,
4,5,0,2,0.625,2,2,0.0,0.0015423640218413803,0.0015423640218413803,0.09895833333333333,0.14062499999999997,
4,5,0,3,0.125,3,3,0.0,0.0054448637125975585,0.0054448637125975585,0.05729166666666666,0.0625,
4,5,1,0,0.625,0,0,0.0,0.0224530318156273,0.0224530318156273,0.03125,0.03125,
4,5,1,1,0.125,1,1,0.0,0.0,0.0,0.010416666666666666,0.010416666666666666,
4,5,1,2,0.125,2,2,0.0,0.002598628611033993,0.002598628611033993,0.10416666666666666,0.16145833333333331,
4,5,1,3,0.125,3,3,0.0,0.0002492849317357049,0.0002492849317357049,0.07291666666666666,0.10416666666666666,
4,5,2,0,0.125,2,0,1.0,0.0,0.013377387861406298,-0.005208333333333333,0.005208333333333333,
4,5,2,1,0.625,2,1,1.0,0.0,0.016192168810473584,-0.010416666666666671,0.05729166666666666,
4,5,2,2,0.125,2,2,0.0,0.0,0.0,0.125,0.15104166666666666,
4,5,2,3,0.125,3,3,0.0,0.0004381293730713054,0.0004381293730713054,0.08854166666666666,0.13020833333333331,
4,5,3,0,0.125,0,0,0.0,0.0012786690602804018,0.0012786690602804018,0.041666666666666664,0.041666666666666664,
4,5,3,1,0.125,0,0,0.0,0.0012786690602804018,0.0012786690602804018,-0.026041666666666664,0.005208333333333333,
4,5,3,2,0.125,1,1,0.0,0.00425305113891794,0.00425305113891794,0.125,0.140625,
4,5,3,3,0.625,1,3,1.0,0.00425305113891794,0.0,0.046875,0.11979166666666666,
4,6,0,0,0.125,0,0,0.0,0.03416181395895268,0.03416181395895268,0.14583333333333331,0.14583333333333331,
4,6,0,1,0.125,1,1,0.0,0.0,0.0,0.10416666666666666,0.11979166666666664,
4,6,0,2,0.625,2,2,0.0,0.005476018426381346,0.005476018426381346,0.15104166666666666,0.171875,
4,6,0,3,0.125,3,3,0.0,0.004278036613751479,0.004278036613751479,0.11979166666666666,0.11979166666666664,
4,6,1,0,0.625,1,0,1.0,0.0,0.02648957984233591,-0.03125,0.0,
4,6,1,1,0.125,3,1,1.0,0.004196022409909572,0.0,0.010416666666666664,0.041666666666666664,
4,6,1,2,0.125,2,2,0.0,0.0002966015291308022,0.0002966015291308022,0.13541666666666666,0.18749999999999997,
4,6,1,3,0.125,3,3,0.0,0.004196022409909572,0.004196022409909572,0.09895833333333331,0.11458333333333333,
4,6,2,0,0.125,1,0,1.0,0.0,0.0006821514092458791,-0.015625,0.041666666666666664,
4,6,2,1,0.625,3,1,1.0,0.001010080481074871,0.0,0.031249999999999997,0.046875,
4,6,2,2,0.125,2,2,0.0,0.01618770150732929,0.01618770150732929,0.06770833333333331,0.20833333333333331,
4,6,2,3,0.125,1,1,0.0,0.0,0.0,0.052083333333333336,0.05208333333333333,
4,6,3,0,0.125,0,0,0.0,0.034827166756981054,0.034827166756981054,0.052083333333333336,0.052083333333333336,
4,6,3,1,0.125,1,1,0.0,0.0043336935916519215,0.0043336935916519215,0.03645833333333333,0.046875,
4,6,3,2,0.125,2,2,0.0,0.0,0.0,0.14583333333333331,0.15104166666666666,
4,6,3,3,0.625,3,3,0.0,0.006816811337114426,0.006816811337114426,0.11458333333333333,0.14583333333333331,
4,7,0,0,0.125,2,2,0.0,0.006593180780812391,0.006593180780812391,0.052083333333333336,0.08333333333333333,
4,7,0,1,0.125,1,1,0.0,0.0,0.0,0.09895833333333333,0.11979166666666667,
4,7,0,2,0.625,2,2,0.0,0.006593180780812391,0.006593180780812391,0.09375,0.09895833333333333,
4,7,0,3,0.125,3,3,0.0,0.002145222413465264,0.002145222413465264,0.10416666666666666,0.11458333333333333,
4,7,1,0,0.625,0,0,0.0,0.02081908391206766,0.02081908391206766,0.031249999999999997,0.046875,
4,7,1,1,0.125,1,1,0.0,0.0,0.0,0.08854166666666667,0.125,
4,7,1,2,0.125,2,2,0.0,0.0031650155000848557,0.0031650155000848557,0.21354166666666663,0.23437499999999997,
4,7,1,3,0.125,3,3,0.0,0.001385550572355898,0.001385550572355898,0.18749999999999997,0.20833333333333331,
4,7,2,0,0.125,0,0,0.0,0.052881735214236336,0.052881735214236336,0.015624999999999997,0.041666666666666664,
4,7,2,1,0.625,1,1,0.0,0.001019075594484331,0.001019075594484331,0.057291666666666664,0.057291666666666664,
4,7,2,2,0.125,2,2,0.0,0.0016518746673892526,0.0016518746673892526,0.09895833333333333,0.13020833333333331,
4,7,2,3,0.125,3,3,0.0,0.0,0.0,0.15625,0.16145833333333331,
4,7,3,0,0.125,0,0,0.0,0.014846726899023777,0.014846726899023777,0.0625,0.0625,
4,7,3,1,0.125,3,1,1.0,0.010385424404310561,0.015677722976252695,0.010416666666666668,0.015625,
4,7,3,2,0.125,1,2,1.0,0.015677722976252695,0.0,0.11458333333333334,0.13020833333333331,
4,7,3,3,0.625,2,2,0.0,0.0,0.0,0.09895833333333333,0.10937499999999999,
4,8,0,0,0.125,0,0,0.0,0.023777431321566067,0.023777431321566067,0.10937499999999999,0.11458333333333331,
4,8,0,1,0.125,3,0,1.0,0.0,0.023777431321566067,0.005208333333333333,0.005208333333333333,
4,8,0,2,0.625,2,2,0.0,0.007803307939477033,0.007803307939477033,0.16145833333333331,0.16145833333333331,
4,8,0,3,0.125,3,3,0.0,0.0,0.0,0.09375000000000001,0.09895833333333333,
4,8,1,0,0.625,0,0,0.0,0.01779886697610522,0.01779886697610522,-0.026041666666666664,0.020833333333333332,
4,8,1,1,0.125,1,1,0.0,0.0041047130526779,0.0041047130526779,-0.015625,0.005208333333333333,
4,8,1,2,0.125,2,2,0.0,0.0,0.0,0.10416666666666666,0.10937499999999999,
4,8,1,3,0.125,3,3,0.0,0.0070924650879156115,0.0070924650879156115,0.052083333333333336,0.10416666666666664,
4,8,2,0,0.125,1,0,1.0,0.0,0.006585010609581499,-0.03645833333333333,0.0,
4,8,2,1,0.625,1,1,0.0,0.0,0.0,0.031249999999999997,0.031249999999999997,
4,8,2,2,0.125,1,2,1.0,0.0,0.007196478926146166,0.04687499999999999,0.10416666666666666,
4,8,2,3,0.125,1,1,0.0,0.0,0.0,0.041666666666666664,0.041666666666666664,
4,8,3,0,0.125,0,0,0.0,0.0062599243546006544,0.0062599243546006544,0.03645833333333333,0.03645833333333333,
4,8,3,1,0.125,3,1,1.0,0.0004867200058957799,0.009815248210230831,0.03125,0.052083333333333336,
4,8,3,2,0.125,2,2,0.0,0.0,0.0,0.15625,0.1875,
4,8,3,3,0.625,1,3,1.0,0.009815248210230831,0.0004867200058957799,0.05208333333333333,0.06770833333333333,
4,9,0,0,0.125,0,0,0.0,0.006329132152820938,0.006329132152820938,0.046875,0.09375,
4,9,0,1,0.125,1,1,0.0,0.0,0.0,0.10416666666666666,0.10937499999999999,
4,9,0,2,0.625,2,2,0.0,0.005043911668107581,0.005043911668107581,0.036458333333333336,0.19270833333333334,
4,9,0,3,0.125,1,3,1.0,0.0,0.010946159401719835,0.140625,0.15625,
4,9,1,0,0.625,2,0,1.0,0.0,0.002909150574275543,-0.010416666666666666,0.010416666666666666,
4,9,1,1,0.125,1,1,0.0,0.0009275657524659975,0.0009275657524659975,0.05729166666666666,0.057291666666666664,
4,9,1,2,0.125,2,2,0.0,0.0,0.0,0.10416666666666666,0.13020833333333334,
4,9,1,3,0.125,1,3,1.0,0.0009275657524659975,0.004055124346304728,0.005208333333333333,0.026041666666666664,
4,9,2,0,0.125,0,0,0.0,0.005997808400710292,0.005997808400710292,-0.015625,0.0,
4,9,2,1,0.625,1,1,0.0,0.0,0.0,0.041666666666666664,0.0625,
4,9,2,2,0.125,2,2,0.0,0.002638625555148044,0.002638625555148044,0.13020833333333331,0.16145833333333331,
4,9,2,3,0.125,3,3,0.0,0.0021312040952577993,0.0021312040952577993,0.078125,0.09895833333333333,
4,9,3,0,0.125,0,0,0.0,0.007595609190652608,0.007595609190652608,0.031249999999999997,0.03125,
4,9,3,1,0.125,1,1,0.0,0.010531384217387751,0.010531384217387751,0.078125,0.07812499999999999,
4,9,3,2,0.125,2,2,0.0,0.0,0.0,0.16666666666666666,0.18229166666666666,
4,9,3,3,0.625,3,3,0.0,0.0057862724932615794,0.0057862724932615794,0.041666666666666664,0.08854166666666667,
4,10,0,0,0.125,0,0,0.0,0.0006653620714193176,0.0006653620714193176,0.03125,0.07291666666666666,
4,10,0,1,0.125,2,0,1.0,0.0007788025558636003,0.0006653620714193176,-0.026041666666666664,0.015625,
4,10,0,2,0.625,2,2,0.0,0.0007788025558636003,0.0007788025558636003,0.11979166666666666,0.11979166666666666,
4,10,0,3,0.125,2,3,1.0,0.0007788025558636003,0.0028815494776143202,0.05208333333333333,0.078125,
4,10,1,0,0.625,0,0,0.0,0.00451706386273254,0.00451706386273254,0.06249999999999999,0.06249999999999999,
4,10,1,1,0.125,1,1,0.0,0.0,0.0,0.046875,0.046875,
4,10,1,2,0.125,2,2,0.0,0.0004928337761150869,0.0004928337761150869,0.14583333333333331,0.15104166666666666,
4,10,1,3,0.125,2,2,0.0,0.0004928337761150869,0.0004928337761150869,0.015625,0.020833333333333332,
4,10,2,0,0.125,1,0,1.0,0.0006747659345659462,0.0017629789871654866,-0.010416666666666668,0.010416666666666666,
4,10,2,1,0.625,1,1,0.0,0.0006747659345659462,0.0006747659345659462,0.020833333333333332,0.020833333333333332,
4,10,2,2,0.125,2,2,0.0,0.0,0.0,0.13541666666666666,0.16666666666666666,
4,10,2,3,0.125,3,3,0.0,0.006423749495234055,0.006423749495234055,0.09374999999999999,0.09374999999999999,
4,10,3,0,0.125,1,0,1.0,0.0058797675471095046,0.006339880704727352,0.0,0.015625,
4,10,3,1,0.125,2,0,1.0,0.0,0.006339880704727352,-0.046875,0.0,
4,10,3,2,0.125,2,2,0.0,0.0,0.0,0.14583333333333331,0.15625,
4,10,3,3,0.625,3,3,0.0,0.003655953255917943,0.003655953255917943,0.05208333333333333,0.09895833333333333,
4,11,0,0,0.125,1,0,1.0,0.004505189207747007,0.00473921139418898,-0.005208333333333334,0.041666666666666664,
4,11,0,1,0.125,3,0,1.0,0.0,0.00473921139418898,0.02083333333333333,0.05208333333333333,
4,11,0,2,0.625,2,2,0.0,0.001022778960279025,0.001022778960279025,0.031249999999999997,0.13541666666666666,
4,11,0,3,0.125,1,3,1.0,0.004505189207747007,0.0,0.08333333333333333,0.10416666666666666,
4,11,1,0,0.625,1,0,1.0,0.0007658188259059839,0.009618036279807729,-0.026041666666666668,0.031249999999999997,
4,11,1,1,0.125,3,0,1.0,0.0,0.009618036279807729,-0.005208333333333333,0.010416666666666666,
4,11,1,2,0.125,1,2,1.0,0.0007658188259059839,0.007351884238555817,0.07812499999999999,0.1875,
4,11,1,3,0.125,3,3,0.0,0.0,0.0,0.07291666666666666,0.09375,
4,11,2,0,0.125,0,0,0.0,0.006377353967487842,0.006377353967487842,0.0,0.0,
4,11,2,1,0.625,3,1,1.0,0.010732997457187476,0.0,0.078125,0.09374999999999999,
4,11,2,2,0.125,2,2,0.0,0.002522998169046886,0.002522998169046886,0.10937499999999999,0.11458333333333333,
4,11,2,3,0.125,1,3,1.0,0.0,0.010732997457187476,0.057291666666666664,0.0625,
4,11,3,0,0.125,1,0,1.0,0.00036863280407095633,0.0,1.734723475976807e-18,0.015625,
4,11,3,1,0.125,0,0,0.0,0.0,0.0,-0.03645833333333333,0.010416666666666666,
4,11,3,2,0.125,1,2,1.0,0.00036863280407095633,0.007658472823608764,0.125,0.13541666666666666,
4,11,3,3,0.625,3,3,0.0,0.008076142540637599,0.008076142540637599,0.031249999999999997,0.07291666666666667,
5,4,0,0,0.625,0,0,0.0,0.0031868841390048086,0.0031868841390048086,0.140625,0.140625,
5,4,0,1,0.125,1,1,0.0,0.0,0.0,0.07291666666666666,0.07291666666666666,
5,4,0,2,0.125,2,2,0.0,0.010466203712726996,0.010466203712726996,8.673617379884035e-19,0.08333333333333333,
5,4,0,3,0.125,1,3,1.0,0.0,0.005147439046898072,0.03645833333333333,0.041666666666666664,
5,4,1,0,0.125,0,0,0.0,0.017013626500504087,0.017013626500504087,0.07291666666666666,0.10937499999999999,
5,4,1,1,0.125,1,1,0.0,0.0,0.0,0.06770833333333333,0.06770833333333333,
5,4,1,2,0.125,2,2,0.0,0.04793667698921833,0.04793667698921833,0.18229166666666669,0.21354166666666666,
5,4,1,3,0.625,3,3,0.0,0.015856652514766645,0.015856652514766645,0.08854166666666666,0.08854166666666667,
5,4,2,0,0.125,0,0,0.0,0.03231974449387054,0.03231974449387054,0.109375,0.16145833333333331,
5,4,2,1,0.625,1,1,0.0,0.0,0.0,0.125,0.140625,
5,4,2,2,0.125,2,2,0.0,0.05607073136644414,0.05607073136644414,0.0625,0.11979166666666666,
5,4,2,3,0.125,1,1,0.0,0.0,0.0,0.05729166666666667,0.07291666666666666,
5,4,3,0,0.125,2,0,1.0,0.01684377500723433,0.021899509663483196,0.09375,0.11979166666666666,
5,4,3,1,0.125,1,1,0.0,0.0,0.0,0.07291666666666666,0.07291666666666666,
5,4,3,2,0.625,2,2,0.0,0.01684377500723433,0.01684377500723433,0.15104166666666666,0.17187499999999997,
5,4,3,3,0.125,1,1,0.0,0.0,0.0,0.010416666666666668,0.015625,
5,5,0,0,0.625,0,0,0.0,0.002872246927592803,0.002872246927592803,0.041666666666666664,0.057291666666666664,
5,5,0,1,0.125,1,1,0.0,0.0,0.0,0.11979166666666666,0.13541666666666666,
5,5,0,2,0.125,2,2,0.0,0.011531233437692467,0.011531233437692467,0.11458333333333331,0.13541666666666666,
5,5,0,3,0.125,2,3,1.0,0.011531233437692467,0.019148907620565314,-0.010416666666666664,0.026041666666666664,
5,5,1,0,0.125,2,0,1.0,0.009786248997204261,0.11807568854197137,-0.19270833333333331,0.06770833333333333,
5,5,1,1,0.125,1,1,0.0,0.0005460492416351492,0.0005460492416351492,0.057291666666666664,0.10416666666666666,
5,5,1,2,0.125,2,2,0.0,0.009786248997204261,0.009786248997204261,0.27604166666666663,0.30729166666666663,
5,5,1,3,0.625,3,3,0.0,0.0,0.0,0.06770833333333333,0.15104166666666666,
5,5,2,0,0.125,0,0,0.0,0.007399786216057858,0.007399786216057858,0.041666666666666664,0.0625,
5,5,2,1,0.625,1,1,0.0,0.0,0.0,0.041666666666666664,0.05208333333333333,
5,5,2,2,0.125,2,2,0.0,0.007946949628716338,0.007946949628716338,0.11458333333333331,0.13020833333333334,
5,5,2,3,0.125,3,3,0.0,0.005499540536894165,0.005499540536894165,0.15104166666666666,0.15104166666666666,
5,5,3,0,0.125,0,0,0.0,0.00843389974802089,0.00843389974802089,0.08854166666666666,0.09375,
5,5,3,1,0.125,1,1,0.0,0.0,0.0,0.0625,0.0625,
5,5,3,2,0.625,2,2,0.0,0.008418703992071785,0.008418703992071785,0.13020833333333334,0.15625,
5,5,3,3,0.125,2,3,1.0,0.008418703992071785,0.021175719263258452,-0.062499999999999986,0.041666666666666664,
5,6,0,0,0.625,2,0,1.0,0.01295997218214573,0.010039455095146033,0.08854166666666667,0.16145833333333331,
5,6,0,1,0.125,1,1,0.0,0.0,0.0,0.08854166666666666,0.08854166666666666,
5,6,0,2,0.125,2,2,0.0,0.01295997218214573,0.01295997218214573,0.08854166666666667,0.13541666666666666,
5,6,0,3,0.125,0,3,1.0,0.010039455095146033,0.00048567895750217804,0.03645833333333333,0.03645833333333333,
5,6,1,0,0.125,2,0,1.0,0.003608392089379464,0.0,0.11458333333333331,0.17708333333333331,
5,6,1,1,0.125,1,1,0.0,0.036664668051502036,0.036664668051502036,0.06770833333333333,0.12499999999999997,
5,6,1,2,0.125,2,2,0.0,0.003608392089379464,0.003608392089379464,0.140625,0.16145833333333331,
5,6,1,3,0.625,2,2,0.0,0.003608392089379464,0.003608392089379464,-1.734723475976807e-18,0.07291666666666666,
5,6,2,0,0.125,2,0,1.0,0.01585237428794317,0.023747143213996735,0.07291666666666666,0.16666666666666666,
5,6,2,1,0.625,1,1,0.0,0.0,0.0,0.09895833333333333,0.13541666666666666,
5,6,2,2,0.125,2,2,0.0,0.01585237428794317,0.01585237428794317,0.15104166666666666,0.171875,
5,6,2,3,0.125,2,3,1.0,0.01585237428794317,0.11764789386999597,0.026041666666666664,0.0625,
5,6,3,0,0.125,0,0,0.0,0.0,0.0,0.04166666666666666,0.10416666666666666,
5,6,3,1,0.125,0,1,1.0,0.0,0.05059309417172264,0.140625,0.234375,
5,6,3,2,0.625,2,2,0.0,0.07742456022165056,0.07742456022165056,0.03645833333333333,0.13020833333333334,
5,6,3,3,0.125,3,3,0.0,0.00027542172319416913,0.00027542172319416913,0.07291666666666666,0.08854166666666666,
5,7,0,0,0.625,2,0,1.0,0.039937954356452976,0.0,0.046875,0.078125,
5,7,0,1,0.125,1,1,0.0,0.002525175949477765,0.002525175949477765,0.08854166666666666,0.11458333333333331,
5,7,0,2,0.125,2,2,0.0,0.039937954356452976,0.039937954356452976,0.05208333333333333,0.11979166666666666,
5,7,0,3,0.125,2,2,0.0,0.039937954356452976,0.039937954356452976,0.020833333333333336,0.03125,
5,7,1,0,0.125,2,0,1.0,0.02667044053262091,0.008224592056974234,0.0625,0.08854166666666666,
5,7,1,1,0.125,1,1,0.0,0.0,0.0,0.06770833333333334,0.08333333333333333,
5,7,1,2,0.125,2,2,0.0,0.02667044053262091,0.02667044053262091,0.14583333333333331,0.16666666666666666,
5,7,1,3,0.625,3,3,0.0,0.002496972602683334,0.002496972602683334,0.046875,0.05208333333333333,
5,7,2,0,0.125,0,0,0.0,0.01432182468439569,0.01432182468439569,0.14583333333333331,0.16145833333333331,
5,7,2,1,0.625,1,1,0.0,0.0,0.0,0.06249999999999999,0.06770833333333333,
5,7,2,2,0.125,2,2,0.0,0.006111207010955688,0.006111207010955688,0.17708333333333331,0.21354166666666666,
5,7,2,3,0.125,0,0,0.0,0.01432182468439569,0.01432182468439569,-0.010416666666666668,0.010416666666666666,
5,7,3,0,0.125,2,0,1.0,0.010121657324560163,0.003553210880467339,0.031249999999999997,0.031249999999999997,
5,7,3,1,0.125,1,1,0.0,0.0,0.0,0.052083333333333336,0.07291666666666666,
5,7,3,2,0.625,2,2,0.0,0.010121657324560163,0.010121657324560163,0.08854166666666666,0.125,
5,7,3,3,0.125,3,3,0.0,0.004706545689826758,0.004706545689826758,0.09375,0.09895833333333331,
5,8,0,0,0.625,2,0,1.0,0.012677337848381542,0.015587144055255187,0.005208333333333334,0.046875,
5,8,0,1,0.125,1,1,0.0,0.0026946453464198328,0.0026946453464198328,0.057291666666666664,0.11458333333333333,
5,8,0,2,0.125,2,2,0.0,0.012677337848381542,0.012677337848381542,0.08333333333333333,0.109375,
5,8,0,3,0.125,1,1,0.0,0.0026946453464198328,0.0026946453464198328,0.010416666666666661,0.03645833333333333,
5,8,1,0,0.125,0,0,0.0,0.0,0.0,0.06770833333333333,0.08854166666666666,
5,8,1,1,0.125,1,1,0.0,0.004548163962662666,0.004548163962662666,0.0625,0.08854166666666666,
5,8,1,2,0.125,2,2,0.0,0.026662097774348692,0.026662097774348692,0.19791666666666666,0.20312499999999997,
5,8,1,3,0.625,3,3,0.0,0.014369228795318767,0.014369228795318767,0.11458333333333331,0.17708333333333334,
5,8,2,0,0.125,0,0,0.0,0.007059021358028605,0.007059021358028605,0.14583333333333331,0.171875,
5,8,2,1,0.625,1,1,0.0,0.0,0.0,0.05208333333333333,0.05208333333333333,
5,8,2,2,0.125,1,2,1.0,0.0,0.01882480025812705,0.052083333333333336,0.08854166666666666,
5,8,2,3,0.125,2,3,1.0,0.01882480025812705,0.020414754470308494,0.015625,0.03125,
5,8,3,0,0.125,0,0,0.0,0.00797774473470203,0.00797774473470203,0.078125,0.09375,
5,8,3,1,0.125,1,1,0.0,0.0,0.0,0.08854166666666666,0.10416666666666666,
5,8,3,2,0.625,2,2,0.0,0.006192980554657113,0.006192980554657113,0.078125,0.10416666666666666,
5,8,3,3,0.125,1,0,1.0,0.0,0.00797774473470203,-0.11458333333333333,0.0,
5,9,0,0,0.625,0,0,0.0,0.010038569837973799,0.010038569837973799,0.026041666666666664,0.06249999999999999,
5,9,0,1,0.125,1,1,0.0,0.0,0.0,0.08854166666666667,0.08854166666666666,
5,9,0,2,0.125,2,2,0.0,0.035032752017124746,0.035032752017124746,0.11458333333333333,0.13020833333333334,
5,9,0,3,0.125,3,3,0.0,0.006756940952412305,0.006756940952412305,0.046875,0.05208333333333333,
5,9,1,0,0.125,2,0,1.0,0.017874221531217538,0.005901161673424915,0.05729166666666666,0.10416666666666666,
5,9,1,1,0.125,1,1,0.0,0.0,0.0,0.052083333333333336,0.057291666666666664,
5,9,1,2,0.125,2,2,0.0,0.017874221531217538,0.017874221531217538,0.08333333333333334,0.171875,
5,9,1,3,0.625,1,3,1.0,0.0,0.007998320821525073,0.03645833333333333,0.057291666666666664,
5,9,2,0,0.125,2,0,1.0,0.012632675036022611,0.006062198480852432,-0.020833333333333336,0.031249999999999997,
5,9,2,1,0.625,1,1,0.0,0.0,0.0,0.052083333333333336,0.08854166666666666,
5,9,2,2,0.125,2,2,0.0,0.012632675036022611,0.012632675036022611,0.08333333333333333,0.13020833333333331,
5,9,2,3,0.125,1,1,0.0,0.0,0.0,0.020833333333333332,0.026041666666666664,
5,9,3,0,0.125,0,0,0.0,0.007273776187663783,0.007273776187663783,0.07291666666666666,0.07812499999999999,
5,9,3,1,0.125,1,1,0.0,0.0,0.0,0.078125,0.07812499999999999,
5,9,3,2,0.625,0,2,1.0,0.007273776187663783,0.030357068417604993,0.031249999999999997,0.12499999999999999,
5,9,3,3,0.125,2,2,0.0,0.030357068417604993,0.030357068417604993,0.03645833333333333,0.05729166666666666,
5,10,0,0,0.625,0,0,0.0,0.00041115715274731013,0.00041115715274731013,0.10416666666666666,0.15624999999999997,
5,10,0,1,0.125,1,1,0.0,0.0,0.0,0.09374999999999999,0.15104166666666663,
5,10,0,2,0.125,2,2,0.0,0.026125031151895683,0.026125031151895683,0.046875,0.08333333333333333,
5,10,0,3,0.125,3,3,0.0,0.01940886589973634,0.01940886589973634,0.041666666666666664,0.08854166666666667,
5,10,1,0,0.125,0,0,0.0,0.025322790201000034,0.025322790201000034,0.04687500000000001,0.109375,
5,10,1,1,0.125,1,1,0.0,0.0037265161692188187,0.0037265161692188187,0.109375,0.13020833333333331,
5,10,1,2,0.125,2,2,0.0,0.008547754516593287,0.008547754516593287,0.07291666666666666,0.203125,
5,10,1,3,0.625,2,0,1.0,0.008547754516593287,0.025322790201000034,0.020833333333333332,0.06770833333333333,
5,10,2,0,0.125,2,0,1.0,0.0267571585228914,0.01843697728448479,0.05208333333333333,0.11458333333333331,
5,10,2,1,0.625,1,1,0.0,0.0,0.0,0.08854166666666666,0.08854166666666666,
5,10,2,2,0.125,2,2,0.0,0.0267571585228914,0.0267571585228914,0.05208333333333333,0.10416666666666666,
5,10,2,3,0.125,0,3,1.0,0.01843697728448479,0.035206829856914146,0.015624999999999997,0.04687499999999999,
5,10,3,0,0.125,0,0,0.0,0.004391788338741209,0.004391788338741209,0.08854166666666666,0.13541666666666666,
5,10,3,1,0.125,1,1,0.0,0.0,0.0,0.13541666666666666,0.14062499999999997,
5,10,3,2,0.625,2,2,0.0,0.04006984384497725,0.04006984384497725,0.18750000000000003,0.21875,
5,10,3,3,0.125,1,1,0.0,0.0,0.0,0.02083333333333333,0.078125,
5,11,0,0,0.625,0,0,0.0,0.01790450770215335,0.01790450770215335,0.10416666666666666,0.16666666666666666,
5,11,0,1,0.125,1,1,0.0,0.0,0.0,0.08854166666666666,0.11979166666666666,
5,11,0,2,0.125,2,2,0.0,0.0072588509029629655,0.0072588509029629655,0.078125,0.09895833333333331,
5,11,0,3,0.125,2,2,0.0,0.0072588509029629655,0.0072588509029629655,0.04687499999999999,0.046875,
5,11,1,0,0.125,0,0,0.0,0.01577330991819592,0.01577330991819592,0.06770833333333333,0.07291666666666666,
5,11,1,1,0.125,1,1,0.0,0.0,0.0,0.03645833333333333,0.036458333333333336,
5,11,1,2,0.125,2,2,0.0,0.0085027887997976,0.0085027887997976,0.07291666666666666,0.16145833333333331,
5,11,1,3,0.625,2,3,1.0,0.0085027887997976,0.01168728551685283,0.09375,0.09375,
5,11,2,0,0.125,0,0,0.0,0.01771056750222355,0.01771056750222355,0.09895833333333331,0.21354166666666666,
5,11,2,1,0.625,1,1,0.0,0.0,0.0,0.05208333333333333,0.05208333333333333,
5,11,2,2,0.125,2,2,0.0,0.015368072882422368,0.015368072882422368,0.11979166666666664,0.17187499999999997,
5,11,2,3,0.125,2,3,1.0,0.015368072882422368,0.006419782199089896,-0.020833333333333332,0.05208333333333333,
5,11,3,0,0.125,0,0,0.0,0.008413841890319573,0.008413841890319573,0.109375,0.23437499999999997,
5,11,3,1,0.125,1,1,0.0,0.0,0.0,0.10416666666666666,0.10416666666666666,
5,11,3,2,0.625,2,2,0.0,0.033366448945339466,0.033366448945339466,0.18229166666666666,0.19270833333333331,
5,11,3,3,0.125,1,1,0.0,0.0,0.0,-0.005208333333333336,0.026041666666666664,
